{"path":"try_src","name":"try_src","children":[{"path":"try_src/Backtracking","name":"Backtracking","children":[{"path":"try_src/Backtracking/index.try","name":"index.try","size":634,"extension":".try","type":"file"},{"path":"try_src/Backtracking/KnightTour.try","name":"KnightTour.try","size":1840,"extension":".try","type":"file"},{"path":"try_src/Backtracking/NQueen.try","name":"NQueen.try","size":1655,"extension":".try","type":"file"},{"path":"try_src/Backtracking/Sudoku.try","name":"Sudoku.try","size":2739,"extension":".try","type":"file"}],"size":6868,"type":"directory"},{"path":"try_src/Cache","name":"Cache","children":[{"path":"try_src/Cache/index.try","name":"index.try","size":599,"extension":".try","type":"file"},{"path":"try_src/Cache/LFUCache.try","name":"LFUCache.try","size":4624,"extension":".try","type":"file"},{"path":"try_src/Cache/LRUCache.try","name":"LRUCache.try","size":3902,"extension":".try","type":"file"}],"size":9125,"type":"directory"},{"path":"try_src/Ciphers","name":"Ciphers","children":[{"path":"try_src/Ciphers/CaesarsCipher.try","name":"CaesarsCipher.try","size":979,"extension":".try","type":"file"},{"path":"try_src/Ciphers/index.try","name":"index.try","size":682,"extension":".try","type":"file"},{"path":"try_src/Ciphers/KeyFinder.try","name":"KeyFinder.try","size":4671,"extension":".try","type":"file"},{"path":"try_src/Ciphers/ROT13.try","name":"ROT13.try","size":1159,"extension":".try","type":"file"},{"path":"try_src/Ciphers/VigenereCipher.try","name":"VigenereCipher.try","size":1588,"extension":".try","type":"file"},{"path":"try_src/Ciphers/XORCipher.try","name":"XORCipher.try","size":550,"extension":".try","type":"file"}],"size":9629,"type":"directory"},{"path":"try_src/Conversions","name":"Conversions","children":[{"path":"try_src/Conversions/ArbitraryBase.try","name":"ArbitraryBase.try","size":1662,"extension":".try","type":"file"},{"path":"try_src/Conversions/BinaryToDecimal.try","name":"BinaryToDecimal.try","size":1233,"extension":".try","type":"file"},{"path":"try_src/Conversions/DecimalToBinary.try","name":"DecimalToBinary.try","size":582,"extension":".try","type":"file"},{"path":"try_src/Conversions/HexToRGB.try","name":"HexToRGB.try","size":341,"extension":".try","type":"file"},{"path":"try_src/Conversions/index.try","name":"index.try","size":728,"extension":".try","type":"file"},{"path":"try_src/Conversions/RGBToHex.try","name":"RGBToHex.try","size":445,"extension":".try","type":"file"},{"path":"try_src/Conversions/RomanToDecimal.try","name":"RomanToDecimal.try","size":754,"extension":".try","type":"file"}],"size":5745,"type":"directory"},{"path":"try_src/Data-Structures","name":"Data-Structures","children":[{"path":"try_src/Data-Structures/Array","name":"Array","children":[{"path":"try_src/Data-Structures/Array/QuickSelect.try","name":"QuickSelect.try","size":1535,"extension":".try","type":"file"}],"size":1535,"type":"directory"},{"path":"try_src/Data-Structures/Array.try","name":"Array.try","size":582,"extension":".try","type":"file"},{"path":"try_src/Data-Structures/Graph","name":"Graph","children":[{"path":"try_src/Data-Structures/Graph/Graph.try","name":"Graph.try","size":1887,"extension":".try","type":"file"}],"size":1887,"type":"directory"},{"path":"try_src/Data-Structures/Graph.try","name":"Graph.try","size":576,"extension":".try","type":"file"},{"path":"try_src/Data-Structures/Heap","name":"Heap","children":[{"path":"try_src/Data-Structures/Heap/MaxHeap.try","name":"MaxHeap.try","size":1838,"extension":".try","type":"file"},{"path":"try_src/Data-Structures/Heap/MinPriorityQueue.try","name":"MinPriorityQueue.try","size":3166,"extension":".try","type":"file"}],"size":5004,"type":"directory"},{"path":"try_src/Data-Structures/Heap.try","name":"Heap.try","size":611,"extension":".try","type":"file"},{"path":"try_src/Data-Structures/index.html","name":"index.html","size":681,"extension":".html","type":"file"},{"path":"try_src/Data-Structures/index.try","name":"index.try","size":867,"extension":".try","type":"file"},{"path":"try_src/Data-Structures/Linked-List","name":"Linked-List","children":[{"path":"try_src/Data-Structures/Linked-List/CycleDetection.try","name":"CycleDetection.try","size":3053,"extension":".try","type":"file"},{"path":"try_src/Data-Structures/Linked-List/DoublyLinkedList.try","name":"DoublyLinkedList.try","size":4711,"extension":".try","type":"file"},{"path":"try_src/Data-Structures/Linked-List/RotateListRight.try","name":"RotateListRight.try","size":1893,"extension":".try","type":"file"},{"path":"try_src/Data-Structures/Linked-List/SingleCircularLinkedList.js.try","name":"SingleCircularLinkedList.js.try","size":1706,"extension":".try","type":"file"},{"path":"try_src/Data-Structures/Linked-List/SinglyLinkList.try","name":"SinglyLinkList.try","size":5122,"extension":".try","type":"file"}],"size":16485,"type":"directory"},{"path":"try_src/Data-Structures/Linked-List.try","name":"Linked-List.try","size":783,"extension":".try","type":"file"},{"path":"try_src/Data-Structures/Queue","name":"Queue","children":[{"path":"try_src/Data-Structures/Queue/Queue.try","name":"Queue.try","size":2065,"extension":".try","type":"file"},{"path":"try_src/Data-Structures/Queue/QueueUsing2Stacks.try","name":"QueueUsing2Stacks.try","size":1418,"extension":".try","type":"file"}],"size":3483,"type":"directory"},{"path":"try_src/Data-Structures/Queue.try","name":"Queue.try","size":614,"extension":".try","type":"file"},{"path":"try_src/Data-Structures/Stack","name":"Stack","children":[{"path":"try_src/Data-Structures/Stack/Stack.try","name":"Stack.try","size":1735,"extension":".try","type":"file"},{"path":"try_src/Data-Structures/Stack/StackES6.try","name":"StackES6.try","size":2052,"extension":".try","type":"file"}],"size":3787,"type":"directory"},{"path":"try_src/Data-Structures/Stack.try","name":"Stack.try","size":605,"extension":".try","type":"file"},{"path":"try_src/Data-Structures/Tree","name":"Tree","children":[{"path":"try_src/Data-Structures/Tree/AVLTree.try","name":"AVLTree.try","size":7666,"extension":".try","type":"file"},{"path":"try_src/Data-Structures/Tree/BinarySearchTree.try","name":"BinarySearchTree.try","size":2471,"extension":".try","type":"file"},{"path":"try_src/Data-Structures/Tree/Trie.try","name":"Trie.try","size":3852,"extension":".try","type":"file"}],"size":13989,"type":"directory"},{"path":"try_src/Data-Structures/Tree.try","name":"Tree.try","size":635,"extension":".try","type":"file"}],"size":52124,"type":"directory"},{"path":"try_src/Dynamic-Programming","name":"Dynamic-Programming","children":[{"path":"try_src/Dynamic-Programming/ClimbingStairs.try","name":"ClimbingStairs.try","size":607,"extension":".try","type":"file"},{"path":"try_src/Dynamic-Programming/CoinChange.try","name":"CoinChange.try","size":1346,"extension":".try","type":"file"},{"path":"try_src/Dynamic-Programming/EditDistance.try","name":"EditDistance.try","size":1614,"extension":".try","type":"file"},{"path":"try_src/Dynamic-Programming/FibonacciNumber.try","name":"FibonacciNumber.try","size":543,"extension":".try","type":"file"},{"path":"try_src/Dynamic-Programming/FindMonthCalendar.try","name":"FindMonthCalendar.try","size":3456,"extension":".try","type":"file"},{"path":"try_src/Dynamic-Programming/index.try","name":"index.try","size":786,"extension":".try","type":"file"},{"path":"try_src/Dynamic-Programming/TrappingRainWater.try","name":"TrappingRainWater.try","size":1564,"extension":".try","type":"file"},{"path":"try_src/Dynamic-Programming/ZeroOneKnapsack.try","name":"ZeroOneKnapsack.try","size":1985,"extension":".try","type":"file"}],"size":11901,"type":"directory"},{"path":"try_src/Graphs","name":"Graphs","children":[{"path":"try_src/Graphs/BreadthFirstSearch.try","name":"BreadthFirstSearch.try","size":1634,"extension":".try","type":"file"},{"path":"try_src/Graphs/BreadthFirstShortestPath.try","name":"BreadthFirstShortestPath.try","size":2326,"extension":".try","type":"file"},{"path":"try_src/Graphs/ConnectedComponents.try","name":"ConnectedComponents.try","size":2071,"extension":".try","type":"file"},{"path":"try_src/Graphs/index.try","name":"index.try","size":661,"extension":".try","type":"file"}],"size":6692,"type":"directory"},{"path":"try_src/Hashes","name":"Hashes","children":[{"path":"try_src/Hashes/index.try","name":"index.try","size":574,"extension":".try","type":"file"},{"path":"try_src/Hashes/SHA1.try","name":"SHA1.try","size":3366,"extension":".try","type":"file"}],"size":3940,"type":"directory"},{"path":"try_src/index.try","name":"index.try","size":810,"extension":".try","type":"file"},{"path":"try_src/Navigation","name":"Navigation","children":[{"path":"try_src/Navigation/Haversine.try","name":"Haversine.try","size":1251,"extension":".try","type":"file"},{"path":"try_src/Navigation/index.try","name":"index.try","size":587,"extension":".try","type":"file"}],"size":1838,"type":"directory"},{"path":"try_src/Recursive","name":"Recursive","children":[{"path":"try_src/Recursive/BinarySearch.try","name":"BinarySearch.try","size":1215,"extension":".try","type":"file"},{"path":"try_src/Recursive/EucledianGCD.try","name":"EucledianGCD.try","size":1096,"extension":".try","type":"file"},{"path":"try_src/Recursive/index.try","name":"index.try","size":642,"extension":".try","type":"file"},{"path":"try_src/Recursive/TowerOfHanoi.try","name":"TowerOfHanoi.try","size":561,"extension":".try","type":"file"}],"size":3514,"type":"directory"},{"path":"try_src/Sorts","name":"Sorts","children":[{"path":"try_src/Sorts/BeadSort.try","name":"BeadSort.try","size":1760,"extension":".try","type":"file"},{"path":"try_src/Sorts/BogoSort.try","name":"BogoSort.try","size":1234,"extension":".try","type":"file"},{"path":"try_src/Sorts/BubbleSort.try","name":"BubbleSort.try","size":2338,"extension":".try","type":"file"},{"path":"try_src/Sorts/BucketSort.try","name":"BucketSort.try","size":2047,"extension":".try","type":"file"},{"path":"try_src/Sorts/CocktailShakerSort.try","name":"CocktailShakerSort.try","size":1277,"extension":".try","type":"file"},{"path":"try_src/Sorts/CombSort.try","name":"CombSort.try","size":1579,"extension":".try","type":"file"},{"path":"try_src/Sorts/CountingSort.try","name":"CountingSort.try","size":935,"extension":".try","type":"file"},{"path":"try_src/Sorts/index.try","name":"index.try","size":732,"extension":".try","type":"file"}],"size":11902,"type":"directory"},{"path":"try_src/String","name":"String","children":[{"path":"try_src/String/CheckRearrangePalindrome.try","name":"CheckRearrangePalindrome.try","size":1171,"extension":".try","type":"file"},{"path":"try_src/String/CheckVowels.try","name":"CheckVowels.try","size":701,"extension":".try","type":"file"},{"path":"try_src/String/createPurmutations.try","name":"createPurmutations.try","size":1187,"extension":".try","type":"file"},{"path":"try_src/String/FormatPhoneNumber.try","name":"FormatPhoneNumber.try","size":838,"extension":".try","type":"file"},{"path":"try_src/String/GenerateGUID.try","name":"GenerateGUID.try","size":752,"extension":".try","type":"file"},{"path":"try_src/String/index.try","name":"index.try","size":858,"extension":".try","type":"file"},{"path":"try_src/String/KMPPatternSearching.try","name":"KMPPatternSearching.try","size":1329,"extension":".try","type":"file"},{"path":"try_src/String/MaxCharacter.try","name":"MaxCharacter.try","size":917,"extension":".try","type":"file"},{"path":"try_src/String/PermutateString.try","name":"PermutateString.try","size":1152,"extension":".try","type":"file"},{"path":"try_src/String/ReverseWords.try","name":"ReverseWords.try","size":868,"extension":".try","type":"file"},{"path":"try_src/String/ValidateEmail.try","name":"ValidateEmail.try","size":708,"extension":".try","type":"file"}],"size":10481,"type":"directory"},{"path":"try_src/Timing-Functions","name":"Timing-Functions","children":[{"path":"try_src/Timing-Functions/GetMonthDays.try","name":"GetMonthDays.try","size":1040,"extension":".try","type":"file"},{"path":"try_src/Timing-Functions/index.try","name":"index.try","size":602,"extension":".try","type":"file"}],"size":1642,"type":"directory"},{"path":"try_src/Trees","name":"Trees","children":[{"path":"try_src/Trees/BreadthFirstTreeTraversal.try","name":"BreadthFirstTreeTraversal.try","size":1455,"extension":".try","type":"file"},{"path":"try_src/Trees/DepthFirstSearch.try","name":"DepthFirstSearch.try","size":1652,"extension":".try","type":"file"},{"path":"try_src/Trees/index.try","name":"index.try","size":624,"extension":".try","type":"file"}],"size":3731,"type":"directory"},{"path":"try_src/tryit-helper.js","name":"tryit-helper.js","size":734,"extension":".js","type":"file"}],"size":140676,"type":"directory"}